{
  "parttwoendingendrollbyyohkamiyamableachthousandyearbloodwarviz": {
    "sounds": [
      {
        "name": "records/parttwoendingendrollbyyohkamiyamableachthousandyearbloodwarviz",
        "stream": true
      }
    ]
  },
  "takeonmehaone": {
    "sounds": [
      {
        "name": "records/takeonmehaone",
        "stream": true
      }
    ]
  },
  "numberonebankai": {
    "sounds": [
      {
        "name": "records/numberonebankai",
        "stream": true
      }
    ]
  },
  "nevergonnagiveyouuprickastleyone": {
    "sounds": [
      {
        "name": "records/nevergonnagiveyouuprickastleyone",
        "stream": true
      }
    ]
  },
  "stayinalivebeegeesone": {
    "sounds": [
      {
        "name": "records/stayinalivebeegeesone",
        "stream": true
      }
    ]
  }
}