{
  "parent": "item/generated",
  "textures": {
    "layer0": "item/disc_fragment_5"
  },
  "overrides": [
    {
      "predicate": {
        "custom_model_data": 1
      },
      "model": "item/fragment_parttwoendingendrollbyyohkamiyamableachthousandyearbloodwarviz"
    },
    {
      "predicate": {
        "custom_model_data": 2
      },
      "model": "item/fragment_takeonmehaone"
    },
    {
      "predicate": {
        "custom_model_data": 3
      },
      "model": "item/fragment_numberonebankai"
    },
    {
      "predicate": {
        "custom_model_data": 4
      },
      "model": "item/fragment_nevergonnagiveyouuprickastleyone"
    },
    {
      "predicate": {
        "custom_model_data": 5
      },
      "model": "item/fragment_stayinalivebeegeesone"
    }
  ]
}