[
  {
    "title": " Endroll",
    "author": "Yoh Kamiyama",
    "duration": 97,
    "disc-namespace": "parttwoendingendrollbyyohkamiyamableachthousandyearbloodwarviz",
    "model-data": 1,
    "creeper-drop": true,
    "lores": [],
    "loot-tables": {},
    "fragment-loot-tables": {}
  },
  {
    "title": "Take on Me",
    "author": "ha",
    "duration": 226,
    "disc-namespace": "takeonmehaone",
    "model-data": 2,
    "creeper-drop": true,
    "lores": [],
    "loot-tables": {},
    "fragment-loot-tables": {}
  },
  {
    "title": "Number One",
    "author": "Bankai",
    "duration": 277,
    "disc-namespace": "numberonebankai",
    "model-data": 3,
    "creeper-drop": true,
    "lores": [],
    "loot-tables": {},
    "fragment-loot-tables": {}
  },
  {
    "title": "Never Gonna Give you Up",
    "author": "Rick Astley",
    "duration": 213,
    "disc-namespace": "nevergonnagiveyouuprickastleyone",
    "model-data": 4,
    "creeper-drop": true,
    "lores": [],
    "loot-tables": {},
    "fragment-loot-tables": {}
  },
  {
    "title": "Stayin Alive",
    "author": "Bee Gees",
    "duration": 286,
    "disc-namespace": "stayinalivebeegeesone",
    "model-data": 5,
    "creeper-drop": true,
    "lores": [],
    "loot-tables": {},
    "fragment-loot-tables": {}
  }
]